"meanfreq","sd","median","Q25","Q75","IQR","skew","kurt","sp.ent","sfm","mode","centroid","meanfun","minfun","maxfun","meandom","mindom","maxdom","dfrange","modindx","label"
"(44100, array([[-0.06640625, -0.08666992],
       [-0.08865356, -0.07006836],
       [-0.07730103, -0.06616211],
       ...,
       [ 0.10858154,  0.10684204],
       [ 0.1149292 ,  0.12051392],
       [ 0.10656738,  0.13000488]], dtype=float32))",,,,,,,,,,,,,,,,,,,,
"(44100, array([[-3.0517578e-04, -3.0517578e-04],
       [ 4.8828125e-04,  4.8828125e-04],
       [-9.1552734e-04, -8.5449219e-04],
       ...,
       [ 2.4194336e-01,  2.5326538e-01],
       [ 2.6400757e-01,  3.2684326e-01],
       [ 2.1185303e-01,  2.9714966e-01]], dtype=float32))",,,,,,,,,,,,,,,,,,,,
"(44100, array([[-0.03155518, -0.14550781],
       [-0.05535889, -0.04492188],
       [-0.05334473, -0.07565308],
       ...,
       [ 0.01501465, -0.00289917],
       [ 0.00717163, -0.03759766],
       [ 0.02557373,  0.0413208 ]], dtype=float32))",,,,,,,,,,,,,,,,,,,,
"(44100, array([[-0.11734009, -0.24453735],
       [-0.15740967, -0.2416687 ],
       [-0.1239624 , -0.22070312],
       ...,
       [-0.11462402, -0.21975708],
       [-0.08099365, -0.2926941 ],
       [-0.07846069, -0.21047974]], dtype=float32))",,,,,,,,,,,,,,,,,,,,
